cust_id,full_name,email,phone_number,address
1,Claudina Viggers,cviggers0@cnet.com,+7 204 428 9617,56816 Pine View Pass
2,Mohammed Peabody,mpeabody1@nymag.com,+48 102 425 6996,40 Loftsgordon Way
3,Bret Marcombe,bmarcombe2@springer.com,+63 831 534 3516,0 Messerschmidt Lane
4,Kelbee Franzini,kfranzini3@psu.edu,+46 713 199 8002,7173 Londonderry Court
5,Rafael Pineaux,rpineaux4@hud.gov,+218 435 914 5418,85191 Anhalt Point
6,Arlee Spellar,aspellar5@mlb.com,+57 942 547 7606,01 Cherokee Terrace
7,Aretha Billett,abillett6@tinyurl.com,+351 491 318 2340,82 4th Circle
8,Alexina Swanne,aswanne7@chron.com,+358 276 263 9495,0 Michigan Hill
9,Teodorico Oaks,toaks8@mayoclinic.com,+375 475 170 8543,46 Mcbride Point
10,Ianthe Muttock,imuttock9@wired.com,+63 587 299 6728,97 Red Cloud Street
11,Aldric Millson,amillsona@istockphoto.com,+46 810 285 1702,41421 Eggendart Plaza
12,Arny Gai,agaib@elegantthemes.com,+86 744 321 9421,1010 Brickson Park Point
13,Humfrid Varden,hvardenc@ucla.edu,+1 704 366 5181,24153 Mitchell Junction
14,Nat Wadley,nwadleyd@tripadvisor.com,+383 822 941 5557,617 Bluejay Way
15,Rhoda Hugli,rhuglie@wsj.com,+351 445 422 1046,12 Cherokee Pass
16,Sarine Tinghill,stinghillf@ucoz.ru,+92 651 726 2437,6678 Rigney Pass
17,Ewart Shord,eshordg@canalblog.com,+55 360 421 9358,3516 Pepper Wood Crossing
18,Roger Minghetti,rminghettih@blogger.com,+86 525 379 9205,23 Rutledge Alley
19,Jan Beenham,jbeenhami@scientificamerican.com,+52 979 764 0022,25396 Twin Pines Crossing
20,Michelina Liebermann,mliebermannj@youtube.com,+60 437 407 7485,4707 Rusk Trail
