driver_id,full_name,phone_number
1,Joycelin Brokenbrow,+351 843 865 6315
2,Giles Voak,+57 380 968 3908
3,Druci Tull,+358 485 293 8027
4,Helenelizabeth Dunsire,+86 924 935 2048
5,Teresina Beals,+1 319 828 0468
6,Jakob Thornally,+86 915 858 1670
7,Bogart Moukes,+93 198 358 5215
8,Shanon Metson,+27 643 869 0682
9,Daveen Littlecote,+66 642 791 9131
10,Roderigo Kupke,+98 824 308 1418
11,Lothaire Klimushev,+351 595 182 6682
12,Fair Gilham,+976 387 959 7933
13,Didi Tees,+63 618 383 4243
14,Lanie Cluff,+86 467 915 1480
15,Niven McTavy,+86 259 248 2231
16,Norah Haliburn,+48 128 645 3639
17,Homer Reicharz,+55 490 845 6965
18,Cherry Yushkov,+48 868 249 6287
19,Ira Wooldridge,+86 889 359 3120
20,Kattie Votier,+84 770 844 6871
