prod_id,supp_id,price,category,expired_date,amount
1,1001.1,439,carbonated drink,2023-04-20,50
2,1001.1,439,carbonated drink,2023-04-23,100
3,1001.1,439,carbonated drink,2023-05-02,180
4,1001.2,439,carbonated drink,2023-04-29,100
5,1001.3,439,carbonated drink,2023-05-20,110
6,1002.1,479,chocolate confectionery,2023-06-30,130
7,1002.2,319,cookie sandwich,2023-06-02,125
8,1002.3,885,cookie sandwich,2023-05-25,115
9,1003.1,183,dairy product,2023-05-09,133
10,1004.1,1099,oral hygiene product,2023-09-30,167
11,1004.2,349,hygiene product,2023-08-09,105
12,1005.1,249,chocolate confectionery,2023-04-30,20
13,1005.1,249,chocolate confectionery,2023-06-24,130
14,1005.2,799,drink,2023-07-17,145
15,1006.1,899,snacks,2023-04-27,25
16,1006.1,899,snacks,2023-05-31,75
17,1006.2,959,condiment,2023-06-27,75
18,1007.1,1379,cleaner,2023-07-25,178
19,1007.2,599,hygiene product,2023-08-07,164
20,1008.1,229,chocolate confectionery,2023-04-22,35
21,1008.1,229,chocolate confectionery,2023-05-25,163
22,1008.2,326,chocolate confectionery,2023-05-15,130
23,1008.3,287,chocolate confectionery,2023-04-27,32
24,1008.3,287,chocolate confectionery,2023-05-26,117
25,1008.4,267,chocolate confectionery,2023-05-16,142
26,1008.5,243,chocolate confectionery,2023-05-28,128
27,1009.1,459,condiment,2023-06-25,125
28,1009.2,429,condiment,2023-07-01,198
29,1009.3,529,condiment,2023-07-08,185
30,1010.1,3289,laundry detergent,2023-06-30,101
31,1010.2,4149,laundry detergent,2023-05-31,95
32,1011.1,819,homeware,2023-09-26,154
33,1011.2,899,homeware,2023-10-30,185
34,1011.3,349,homeware,2023-11-15,133
35,1011.4,659,homeware,2023-10-16,109
36,1012.1,219,pastry,2023-04-25,25
37,1012.1,219,pastry,2023-05-10,56
