supp_id,supp_name,prod_name,address
1001.1,Coca-cola company,Coca-cola,USA
1001.2,Coca-cola company,Fanta,USA
1001.3,Coca-cola company,Sprite,USA
1002.1,Mondelez International,Milka,USA
1002.2,Mondelez International,Oreo,USA
1002.3,Mondelez International,Belvita,USA
1003.1,Danone,Activia,Spain
1004.1,Colgate Palmolive,Colgate,USA
1004.2,Colgate Palmolive,Palmolive,USA
1005.1,Nestle,Kitkat,Switzerland
1005.2,Nestle,Nescafe,Switzerland
1006.1,Lay's Company,Lay's,Tennessee
1006.2,Lay's Company,Lay's dips,Tennessee
1007.1,Unilever,Domestos,UK
1007.2,Unilever,Dove,UK
1008.1,Mars,Snickers,UK
1008.2,Mars,M&Ms,UK
1008.3,Mars,Mars,UK
1008.4,Mars,Bounty,UK
1008.5,Mars,Twix,UK
1009.1,Heinz,Mustard,USA
1009.2,Heinz,Ketchup,USA
1009.3,Heinz,Chili sauce,USA
1010.1,Tide,Tide pouder,USA
1010.2,Tide,Tide pods,USA
1011.1,Paclan,Gloves,Germany
1011.2,Paclan,Baking paper,Germany
1011.3,Paclan,Ice packets,Germany
1011.4,Paclan,Garbage packets,Germany
1012.1,Seven days,Croissant,Greek
